Time,Distance,RMSE_zmp_x,RMSE_zmp_y,RMSE_com_x,RMSE_com_y,RMSE_com_z,ajustes,RMSE_ABS_com_x,RMSE_ABS_com_y
53.205999999999996,1.99738,0.004529742702209839,0.001971401530778247,0.001458733458993083,0.0035525680261913914,0.0009400401614142908,0,0.1900052846471176,0.08290127712569179
