Time,Distance,RMSE_zmp_x,RMSE_zmp_y,RMSE_com_x,RMSE_com_y,RMSE_com_z,ajustes,RMSE_ABS_com_x,RMSE_ABS_com_y
55.590999999999994,2.162542,0.005328150493138317,0.0003691893004821234,0.0017570312337667024,0.24099855075884796,0.0009100081256771588,0,0.14616907959985553,0.11194425675211268
