Time,Distance,RMSE_zmp_x,RMSE_zmp_y,RMSE_com_x,RMSE_com_y,RMSE_com_z,ajustes,RMSE_ABS_com_x,RMSE_ABS_com_y
55.588,2.054465,0.004401087797905004,0.0003832620099711036,0.0014692805057973629,0.040659261675005595,0.0008806622719884312,0,0.17680362362145566,0.024661315325999644
