Time,Distance,RMSE_zmp_x,RMSE_zmp_y,RMSE_com_x,RMSE_com_y,RMSE_com_z,ajustes,RMSE_ABS_com_x,RMSE_ABS_com_y
56.683,2.166079,0.00814979417716717,0.00010852451385038071,0.0026915546409501854,0.011646925767053713,0.000949391242687463,0,0.14972864226998758,0.14939467641191634
