Time,Distance,RMSE_zmp_x,RMSE_zmp_y,RMSE_com_x,RMSE_com_y,RMSE_com_z,ajustes,RMSE_ABS_com_x,RMSE_ABS_com_y
53.101,2.01427,0.003974367892249529,0.002214683147119093,0.0013114214981285455,0.03388112683864272,0.000908902835538728,0,0.17567980942476372,0.008021656692759924
