Time,Distance,RMSE_zmp_x,RMSE_zmp_y,RMSE_com_x,RMSE_com_y,RMSE_com_z,ajustes,RMSE_ABS_com_x,RMSE_ABS_com_y
52.249,2.0577679,0.007165495455472203,0.0013719386288324677,0.0024092096198499707,0.0829198993869975,0.0009071325254856772,0,0.009597195562954415,0.020842161723730716
