Time,Distance,RMSE_zmp_x,RMSE_zmp_y,RMSE_com_x,RMSE_com_y,RMSE_com_z,ajustes,RMSE_ABS_com_x,RMSE_ABS_com_y
53.538,2.023062,0.006034896025453011,0.0003655454547927218,0.0020330996088163563,0.002298632483942975,0.0009361269930594826,0,0.18643774028763832,0.07952094928369911
