Time,Distance,RMSE_zmp_x,RMSE_zmp_y,RMSE_com_x,RMSE_com_y,RMSE_com_z,ajustes,RMSE_ABS_com_x,RMSE_ABS_com_y
58.379,2.19003,0.006778129068894047,0.002686444683425008,0.0022637588757481943,0.4965357855593051,0.0009260648434812538,0,0.1433546099494324,0.2310235828731596
