Time,Distance,RMSE_zmp_x,RMSE_zmp_y,RMSE_com_x,RMSE_com_y,RMSE_com_z,ajustes,RMSE_ABS_com_x,RMSE_ABS_com_y
54.192,2.076048,0.007008040879774032,0.0003015635494721248,0.0023120148749027594,0.004302270538407113,0.0009186919799962696,0,0.17049261020263012,0.0482211503372106
