Time,Distance,RMSE_zmp_x,RMSE_zmp_y,RMSE_com_x,RMSE_com_y,RMSE_com_z,ajustes,RMSE_ABS_com_x,RMSE_ABS_com_y
54.484,2.074201,0.007519082501934769,0.002312527834262023,0.0024741357684908783,0.03738560641713654,0.0009657324488667734,0,0.17461057399690438,0.02147464826912659
