Time,Distance,RMSE_zmp_x,RMSE_zmp_y,RMSE_com_x,RMSE_com_y,RMSE_com_z,ajustes,RMSE_ABS_com_x,RMSE_ABS_com_y
54.212,2.022087,0.006610876113169105,0.0015121129859974071,0.002179658630375997,0.03587881576293314,0.0009289922207816164,0,0.1940634836836081,0.011480802822361549
