Time,Distance,RMSE_zmp_x,RMSE_zmp_y,RMSE_com_x,RMSE_com_y,RMSE_com_z,ajustes,RMSE_ABS_com_x,RMSE_ABS_com_y
52.865,2.0394572,0.008262185852851711,0.001211764534285171,0.0028049894143726242,0.00758742052378327,0.0009110619771863387,0,0.0354760415190114,0.001231575568288974
