Time,Distance,RMSE_zmp_x,RMSE_zmp_y,RMSE_com_x,RMSE_com_y,RMSE_com_z,ajustes,RMSE_ABS_com_x,RMSE_ABS_com_y
52.217999999999996,2.0446996,0.003410965745431814,0.00037141979983266023,0.0011477753495287553,0.06267314657851125,0.0009190171186766734,0,0.012872662341046354,0.009788117068624735
